{
  "MSP": {
    "AUROC": 0.9169580746773203,
    "FPR95": 0.618661647203442,
    "DetectionAccuracy": 0.8750204363859865,
    "BestThreshold": 0.8328090906143188
  },
  "Energy": {
    "AUROC": 0.28884565150583896,
    "FPR95": 0.9998463429625076,
    "DetectionAccuracy": 0.5152756607252612,
    "BestThreshold": 22.22716522216797
  },
  "Mahalanobis": {
    "AUROC": 0.5520561693300554,
    "FPR95": 0.9724569760295021,
    "DetectionAccuracy": 0.5648284265519361,
    "BestThreshold": -232.08860778808594
  }
}